NUM_THREADS,"schedule: STATIC,100","schedule: dynamic,100",schedule: STATIC,"schedule: dynamic,100000"
1,0.782323,0.763951,0.762468,0.761592
2,1.643496,2.262333,0.376525,0.592298
3,1.16226,1.580859,0.274278,0.396029
4,0.973758,1.316508,0.202056,0.314592
5,0.786616,1.134934,0.168865,0.262409
6,0.642602,0.985059,0.143222,0.240842
7,0.621218,0.831738,0.171723,0.216653
8,0.565453,0.756978,0.11389,0.200232