thread_num,smooth,count-x,count-y
1,1.49706,1.72723,0.718882
2,0.792415,0.901926,0.384049
4,0.410363,0.449397,0.194857
8,0.213664,0.226211,0.100942
16,0.164361,0.119336,0.052824
32,0.196564,0.0844094,0.0506189
64,0.244644,0.12986,0.0795257